{
    "baseline": {
        "silhouette": -0.172246330717824,
        "dbi": 12.739484009826318,
        "per_class_silhouette": {
            "0": -0.14965550857877757,
            "1": -0.14336083970643543,
            "2": -0.3054328799020231,
            "3": -0.22036827424170374,
            "4": -0.15175542491845162,
            "5": -0.2203988132549324,
            "6": 0.24652273323406243,
            "7": -0.3468356643447604,
            "8": -0.26293535149422054,
            "9": -0.28690260207447715,
            "10": -0.24118532552218325,
            "11": -0.14940509407352562,
            "12": -0.44078837111308866,
            "13": -0.06394516884354438,
            "14": -0.13232909895481387,
            "15": -0.05132310611420785,
            "16": -0.352646300135075,
            "17": -0.2861700348282748,
            "18": -0.27249971618794233,
            "19": -0.35382262389062397
        }
    },
    "embeddings": {
        "silhouette": 0.06807971745729446,
        "dbi": 3.109983592278383,
        "per_class_silhouette": {
            "0": 0.013364595361053944,
            "1": 0.1347876340150833,
            "2": -0.07917691767215729,
            "3": -0.014463876374065876,
            "4": 0.047089602798223495,
            "5": -0.001541118836030364,
            "6": 0.3548641502857208,
            "7": 0.008326784707605839,
            "8": -0.012939833104610443,
            "9": 0.016279911622405052,
            "10": -0.009654461406171322,
            "11": 0.03750300779938698,
            "12": 0.012003024108707905,
            "13": 0.11645029485225677,
            "14": 0.01123906672000885,
            "15": 0.07271412014961243,
            "16": 0.06440114974975586,
            "17": 0.07877995818853378,
            "18": 0.04674316197633743,
            "19": 0.12491477280855179
        }
    }
}